Ad group;Keyword;Match type
Consulta aposentadoria;consulta para aposentadoria;Phrase
Consulta aposentadoria;consulta para aposentadoria;Exact
Consulta aposentadoria;consulta aposentadoria;Phrase
Consulta aposentadoria;consulta aposentadoria;Exact
Consulta aposentadoria;consulta particular aposentadoria;Phrase
Consulta aposentadoria;diagnostico aposentadoria;Phrase
Consulta aposentadoria;diagnóstico aposentadoria;Phrase
Consulta aposentadoria;planejamento de aposentadoria;Phrase
Consulta aposentadoria;planejamento de aposentadoria;Exact
Quando se aposentar;quando posso me aposentar;Phrase
Quando se aposentar;quando posso me aposentar;Exact
Quando se aposentar;saber quando aposentar;Phrase
Quando se aposentar;saber quando vou me aposentar;Phrase
Quando se aposentar;quando pedir aposentadoria;Phrase
Quando se aposentar;melhor momento para se aposentar;Phrase
Quando se aposentar;quanto tempo falta para me aposentar;Phrase
Quando se aposentar;quanto tempo falta para me aposentar;Exact
Tempo de contribuicao;tempo de contribuição para aposentadoria;Phrase
Tempo de contribuicao;tempo de contribuicao para aposentadoria;Phrase
Tempo de contribuicao;tempo de contribuição para aposentadoria;Exact
Tempo de contribuicao;calcular tempo de contribuição para aposentadoria;Phrase
Tempo de contribuicao;contagem de tempo aposentadoria;Phrase
Tempo de contribuicao;contagem de tempo inss;Phrase
Tempo de contribuicao;extrato previdenciário aposentadoria;Phrase
Tempo de contribuicao;documentos do inss para aposentadoria;Phrase
Advogado aposentadoria local;advogado aposentadoria jacarei;Phrase
Advogado aposentadoria local;advogado aposentadoria jacareí;Phrase
Advogado aposentadoria local;advogado aposentadoria jacarei;Exact
Advogado aposentadoria local;advogado previdenciário jacareí;Phrase
Advogado aposentadoria local;advogado previdenciario jacarei;Phrase
Advogado aposentadoria local;advogado inss jacareí;Phrase
Advogado aposentadoria local;advogado inss jacarei;Phrase
Advogado aposentadoria local;advogado aposentadoria são josé dos campos;Phrase
Advogado aposentadoria local;advogado aposentadoria sao jose dos campos;Phrase
Advogado aposentadoria local;advogado previdenciário são josé dos campos;Phrase
Advogado aposentadoria local;advogado previdenciario sao jose dos campos;Phrase
Advogado aposentadoria local;advogado inss são josé dos campos;Phrase
Advogado aposentadoria local;advogado inss sao jose dos campos;Phrase
